{"score": 26, "max_score": 26, "output": "Total score (26 / 26)", "tests": [{"name": "q1", "score": 2, "max_score": 2, "output": "  Question 1 (2/2) ", "tags": []}, {"name": "q2", "score": 2, "max_score": 2, "output": "  Question 2 (2/2) ", "tags": []}, {"name": "q3", "score": 4, "max_score": 4, "output": "  Question 3 (4/4) ", "tags": []}, {"name": "q4", "score": 4, "max_score": 4, "output": "  Question 4 (4/4) ", "tags": []}, {"name": "q5", "score": 3, "max_score": 3, "output": "  Question 5 (3/3) ", "tags": []}, {"name": "q6", "score": 4, "max_score": 4, "output": "  Question 6 (4/4) ", "tags": []}, {"name": "q7", "score": 3, "max_score": 3, "output": "  Question 7 (3/3) ", "tags": []}, {"name": "q8", "score": 4, "max_score": 4, "output": "  Question 8 (4/4) ", "tags": []}]}